Environment,URL
UAT-NF_Finpro,https://uat-ng.nationwide.com/financial-professionals/products/investments/mutual-funds/fund-list/profile/NWALX
UAT-NF_Finpro,https://uat-ng.nationwide.com/financial-professionals/products/investments/mutual-funds/fund-list/profile/NWXEX
UAT-NF_Finpro,https://uat-ng.nationwide.com/financial-professionals/products/investments/mutual-funds/fund-list/profile/GIIAX
UAT-NF_Finpro,https://uat-ng.nationwide.com/financial-professionals/products/investments/mutual-funds/fund-list/profile/NWAQX
UAT-NF_Finpro,https://uat-ng.nationwide.com/financial-professionals/products/investments/mutual-funds/fund-list/profile/NWALX
UAT-NF_Finpro,https://uat-ng.nationwide.com/financial-professionals/products/investments/mutual-funds/fund-list/profile/NWAPX
UAT-NF_Finpro,https://uat-ng.nationwide.com/financial-professionals/products/investments/mutual-funds/fund-list/profile/NWAOX
UAT-NF_Finpro,https://uat-ng.nationwide.com/financial-professionals/products/investments/mutual-funds/fund-list/profile/NWAMX
UAT-NF_Finpro,https://uat-ng.nationwide.com/financial-professionals/products/investments/mutual-funds/fund-list/profile/NWANX
UAT-NF_Finpro,https://uat-ng.nationwide.com/financial-professionals/
UAT-NF_Finpro,https://uat-ng.nationwide.com/financial-professionals/products/corporate-solutions/medical-stop-loss/
UAT-NF_Finpro,https://uat-ng.nationwide.com/personal/investing/find-financial-professional/
UAT-NF_Finpro,https://uat-ng.nationwide.com/financial-professionals/blog/
UAT-NF_Finpro,https://uat-ng.nationwide.com/lc/resources/investing-and-retirement/articles/do-i-need-a-financial-professional
UAT-NF_Finpro,https://uat-ng.nationwide.com/financial-professionals/products/retirement-solutions/in-plan-guarantees
UAT-NF_Finpro,https://uat-ng.nationwide.com/financial-professionals/about-nationwide
UAT-NF_Finpro,https://uat-ng.nationwide.com/financial-professionals/get-appointed
UAT-NF_Finpro,https://uat-ng.nationwide.com/financial-professionals/contact-us
UAT-NF_Finpro,https://uat-ng.nationwide.com/financial-professionals/products/investments/institutional-investors
UAT-NF_Finpro,https://uat-ng.nationwide.com/financial-professionals/products/annuities
UAT-NF_Finpro,https://uat-ng.nationwide.com/financial-professionals/products/annuities/variable
UAT-NF_Finpro,https://uat-ng.nationwide.com/financial-professionals/products/annuities/registered-index-linked
UAT-NF_Finpro,https://uat-ng.nationwide.com/financial-professionals/products/annuities/fixed-indexed
UAT-NF_Finpro,https://uat-ng.nationwide.com/financial-professionals/products/annuities/fixed
UAT-NF_Finpro,https://uat-ng.nationwide.com/financial-professionals/products/annuities/fixed-immediate
UAT-NF_Finpro,https://uat-ng.nationwide.com/financial-professionals/resources/tools/pages/annuity-tools
UAT-NF_Finpro,https://uat-ng.nationwide.com/financial-professionals/products/life
UAT-NF_Finpro,https://uat-ng.nationwide.com/financial-professionals/products/life/indexed-universal
UAT-NF_Finpro,https://uat-ng.nationwide.com/financial-professionals/products/life/universal
UAT-NF_Finpro,https://uat-ng.nationwide.com/financial-professionals/products/life/variable
UAT-NF_Finpro,https://uat-ng.nationwide.com/financial-professionals/products/life/whole
UAT-NF_Finpro,https://uat-ng.nationwide.com/financial-professionals/products/life/term
UAT-NF_Finpro,https://uat-ng.nationwide.com/financial-professionals/products/life/long-term-care
UAT-NF_Finpro,https://uat-ng.nationwide.com/financial-professionals/resources/tools/pages/life-tools
UAT-NF_Finpro,https://uat-ng.nationwide.com/financial-professionals/campaign/benefits-of-heritage-single-premium
UAT-NF_Finpro,https://uat-ng.nationwide.com/financial-professionals/products/corporate-solutions
UAT-NF_Finpro,https://uat-ng.nationwide.com/financial-professionals/products/corporate-solutions/business-life
UAT-NF_Finpro,https://uat-ng.nationwide.com/financial-professionals/products/corporate-solutions/prt
UAT-NF_Finpro,https://uat-ng.nationwide.com/financial-professionals/products/corporate-solutions/employee-benefits
UAT-NF_Finpro,https://uat-ng.nationwide.com/financial-professionals/resources/tools/pages/corporate-solution-tools
UAT-NF_Finpro,https://uat-ng.nationwide.com/financial-professionals/products/corporate-solutions/prt/pages/trends-insights
UAT-NF_Finpro,https://uat-ng.nationwide.com/financial-professionals/products/retirement-solutions
UAT-NF_Finpro,https://uat-ng.nationwide.com/financial-professionals/products/retirement-solutions/401k-403b-plans
UAT-NF_Finpro,https://uat-ng.nationwide.com/financial-professionals/products/retirement-solutions/government-457-plans
UAT-NF_Finpro,https://uat-ng.nationwide.com/financial-professionals/resources/tools/pages/retirement-solutions-tools
UAT-NF_Finpro,https://uat-ng.nationwide.com/financial-professionals/resources/forms
UAT-NF_Finpro,https://uat-ng.nationwide.com/financial-professionals/topics/consultative-support
UAT-NF_Finpro,https://uat-ng.nationwide.com/financial-professionals/products/investments
UAT-NF_Finpro,https://uat-ng.nationwide.com/financial-professionals/products/investments/mutual-funds
UAT-NF_Finpro,https://uat-ng.nationwide.com/financial-professionals/products/corporate-solutions/sbl
UAT-NF_Finpro,https://uat-ng.nationwide.com/financial-professionals/resources/tools/pages/investment-tools
UAT-NF_Finpro,https://uat-ng.nationwide.com/financial-professionals/products/investments/forms
UAT-NF_Finpro,https://uat-ng.nationwide.com/financial-professionals/products/investments/institutional-investors/webinars
UAT-NF_Finpro,https://uat-ng.nationwide.com/financial-professionals/products/investments/campaigns/nationwide-amundi-strategic-income-fund
UAT-NF_Finpro,https://uat-ng.nationwide.com/financial-professionals/topics
UAT-NF_Finpro,https://uat-ng.nationwide.com/financial-professionals/topics/retirement-savings-income/social-security-optimization
UAT-NF_Finpro,https://uat-ng.nationwide.com/financial-professionals/topics/retirement-savings-income/tax-efficient-retirement-income
UAT-NF_Finpro,https://uat-ng.nationwide.com/financial-professionals/topics/retirement-savings-income/total-retirement-income-planning
UAT-NF_Finpro,https://uat-ng.nationwide.com/financial-professionals/topics/retirement-savings-income
UAT-NF_Finpro,https://uat-ng.nationwide.com/financial-professionals/topics/health-care-cost-longevity/health-care-cost-planning
UAT-NF_Finpro,https://uat-ng.nationwide.com/financial-professionals/topics/health-care-cost-longevity/medicare-planning
UAT-NF_Finpro,https://uat-ng.nationwide.com/financial-professionals/topics/health-care-cost-longevity/long-term-care-planning-longevity
UAT-NF_Finpro,https://uat-ng.nationwide.com/financial-professionals/topics/health-care-cost-longevity
UAT-NF_Finpro,https://uat-ng.nationwide.com/financial-professionals/topics/legacy-estate-wealth-transfer/estate-planning-wealth-transfer
UAT-NF_Finpro,https://uat-ng.nationwide.com/financial-professionals/topics/legacy-estate-wealth-transfer/aging-in-retirement
UAT-NF_Finpro,https://uat-ng.nationwide.com/financial-professionals/topics/legacy-estate-wealth-transfer/building-trust-with-empathy
UAT-NF_Finpro,https://uat-ng.nationwide.com/financial-professionals/topics/legacy-estate-wealth-transfer
UAT-NF_Finpro,https://uat-ng.nationwide.com/financial-professionals/topics/business-growth-protection-transfer
UAT-NF_Finpro,https://uat-ng.nationwide.com/financial-professionals/topics/market-insights
UAT-NF_Finpro,https://uat-ng.nationwide.com/financial-professionals/resources/continuing-education
UAT-NF_Finpro,https://uat-ng.nationwide.com/financial-professionals/topics/health-care-cost-longevity/pages/health-care-assessment
UAT-NF_Finpro,https://uat-ng.nationwide.com/financial-professionals/products
UAT-NF_Finpro,https://uat-ng.nationwide.com/financial-professionals/blog/markets-economy
UAT-NF_Finpro,https://uat-ng.nationwide.com/financial-professionals/blog/planning-guidance
UAT-NF_Finpro,https://uat-ng.nationwide.com/financial-professionals/blog/research-learning
UAT-NF_Finpro,https://uat-ng.nationwide.com/financial-professionals/blog/practice-management
UAT-NF_Finpro,https://uat-ng.nationwide.com/financial-professionals/blog/authors/cathy-marasco
UAT-NF_Finpro,https://uat-ng.nationwide.com/financial-professionals/topics/retirement-savings-income/pages/social-security-360-analyzer
UAT-NF_Finpro,https://uat-ng.nationwide.com/financial-professionals/topics/retirement-savings-income/social-security-optimization/pages/economics-of-social-security
UAT-NF_Finpro,https://uat-ng.nationwide.com/financial-professionals/topics/retirement-savings-income/social-security-optimization/pages/social-security-videos
UAT-NF_Finpro,https://uat-ng.nationwide.com/financial-professionals/products/investments/mutual-funds/pricing-and-performance
UAT-NF_Finpro,https://uat-ng.nationwide.com/financial-professionals/products/investments/institutional-investors/contact-us
UAT-NF_Finpro,https://uat-ng.nationwide.com/financial-professionals/topics/advanced-consulting-group
UAT-NF_Finpro,https://uat-ng.nationwide.com/financial-professionals
UAT-NF_Finpro,https://uat-ng.nationwide.com/financial-professionals/products/corporate-solutions/medical-stop-loss
UAT-NF_Finpro,https://uat-ng.nationwide.com/personal/investing/find-financial-professional
UAT-NF_Finpro,https://uat-ng.nationwide.com/financial-professionals/blog
UAT-NF_Finpro,https://uat-ng.nationwide.com/financial-professionals/resources/tools
UAT-NF_Finpro,https://uat-ng.nationwide.com/financial-professionals/blog/planning-guidance/articles/maximize-retirement-savings-by-utilizing-net-unrealized-appreciation-nua
UAT-NF_Finpro,https://uat-ng.nationwide.com/financial-professionals/blog/planning-guidance/articles/helping-clients-understand-the-financial-benefits-of-marriage
UAT-NF_Finpro,https://uat-ng.nationwide.com/financial-professionals/products/corporate-solutions/sbl/smartcredit
UAT-NF_Finpro,https://uat-ng.nationwide.com/financial-professionals/products/corporate-solutions/sbl/smartcredit/pages/speed-simplicity
UAT-NF_Finpro,https://uat-ng.nationwide.com/financial-professionals/topics/legacy-estate-wealth-transfer/pages/legacy-wealth-videos
UAT-NF_Finpro,https://uat-ng.nationwide.com/financial-professionals/resources
UAT-NF_Finpro,https://uat-ng.nationwide.com/financial-professionals/products/investments/about-us/contact-us
UAT-NF_Finpro,https://uat-ng.nationwide.com/financial-professionals/products/investments/nvit
UAT-NF_Finpro,https://uat-ng.nationwide.com/financial-professionals/products/investments/about-us/our-investment-managers
UAT-NF_Finpro,https://uat-ng.nationwide.com/financial-professionals/products/life/pages/sales-materials
UAT-NF_Finpro,https://uat-ng.nationwide.com/financial-professionals/products/retirement-solutions/in-plan-guarantees/options
UAT-NF_Finpro,https://uat-ng.nationwide.com/financial-professionals/products/investments/about-us
UAT-NF_Finpro,https://uat-ng.nationwide.com/financial-professionals/topics/health-care-cost-longevity/medicare-planning/pages/medicare-videos
UAT-NF_Finpro,https://uat-ng.nationwide.com/financial-professionals/topics/health-care-cost-longevity/pages/health-ltc-videos
UAT-NF_Finpro,https://uat-ng.nationwide.com/financial-professionals/topics/health-care-cost-longevity/long-term-care-planning-longevity/ltc-unscripted-stories
UAT-NF_Finpro,https://uat-ng.nationwide.com/financial-professionals/topics/retirement-savings-income/tax-efficient-retirement-income/pages/tax-efficient-retirement-income-videos
UAT-NF_Finpro,https://uat-ng.nationwide.com/financial-professionals/products/corporate-solutions/employee-benefits/pages/offering-supplemental-medical-insurance
UAT-NF_Finpro,https://uat-ng.nationwide.com/financial-professionals/products/corporate-solutions/business-life/products/innovator-corporate-vul
UAT-NF_Finpro,https://uat-ng.nationwide.com/financial-professionals/blog/research-learning/articles/retirement-advice-from-65-year-olds-can-help-your-clients-financial-futures
UAT-NF_Finpro,https://uat-ng.nationwide.com/financial-professionals/topics/insights-and-solutions
UAT-NF_Finpro,https://uat-ng.nationwide.com/financial-professionals/topics/planning-team
UAT-NF_Finpro,https://uat-ng.nationwide.com/personal/investing/find-financial-professional/life-insurance-licenses
UAT-NF_Finpro,https://uat-ng.nationwide.com/financial-professionals/blog/authors/kristi-rodriguez
UAT-NF_Finpro,https://uat-ng.nationwide.com/financial-professionals/blog/authors/nf-editorial-team
UAT-NF_Finpro,https://uat-ng.nationwide.com/financial-professionals/blog/practice-management/articles/strategies-for-attracting-and-retaining-high-net-worth-individual-hnwi-clients
UAT-NF_Finpro,https://uat-ng.nationwide.com/financial-professionals/products/retirement-solutions/flexible-advantage
UAT-NF_Finpro,https://uat-ng.nationwide.com/financial-professionals/infographics/why-health-care-costs-should-be-part-of-every-clients-financial-plan
UAT-NF_Finpro,https://uat-ng.nationwide.com/financial-professionals/products/corporate-solutions/sbl/smartcredit/pages/smartcreditvideo
UAT-NF_Finpro,https://uat-ng.nationwide.com/financial-professionals/products/retirement-solutions/in-plan-guarantees/options/sections/portability
UAT-NF_Finpro,https://uat-ng.nationwide.com/financial-professionals/products/retirement-solutions/in-plan-guarantees/options/sections/fiduciary-responsibility
UAT-NF_Finpro,https://uat-ng.nationwide.com/financial-professionals/products/retirement-solutions/in-plan-guarantees/options/sections/oversight-and-monitoring
UAT-NF_Finpro,https://uat-ng.nationwide.com/financial-professionals/products/retirement-solutions/in-plan-guarantees/options/sections/selection-and-implementation
UAT-NF_Finpro,https://uat-ng.nationwide.com/financial-professionals/infographics/retirement-income-interest-retirement-plan-participants-sponsors
UAT-NF_Finpro,https://uat-ng.nationwide.com/financial-professionals/products/retirement-solutions/in-plan-guarantees/options/videos
UAT-NF_Finpro,https://uat-ng.nationwide.com/financial-professionals/infographics/help-clients-address-social-security-gaps
UAT-NF_Finpro,https://uat-ng.nationwide.com/financial-professionals/blog/planning-guidance/articles/transferring-a-brokerage-account-into-a-living-trust
UAT-NF_Finpro,https://uat-ng.nationwide.com/financial-professionals/blog/authors/mark-hackett
UAT-NF_Finpro,https://uat-ng.nationwide.com/financial-professionals/blog/planning-guidance/articles/clients-are-worried-about-life-after-retirement
UAT-NF_Finpro,https://uat-ng.nationwide.com/financial-professionals/blog/planning-guidance/articles/optimizing-protected-income-strategies-beyond-social-security
UAT-NF_Finpro,https://uat-ng.nationwide.com/financial-professionals/infographics/help-clients-address-social-security-gaps.html
UAT-NF_Finpro,https://uat-ng.nationwide.com/financial-professionals/products/investments/institutional-investors/contact-us/
UAT-NF_Finpro,https://uat-ng.nationwide.com/financial-professionals/products/retirement-solutions/business-builder/options/prospect-questions
UAT-NF_Finpro,https://uat-ng.nationwide.com/financial-professionals/blog/planning-guidance/articles/5-common-myths-about-securities-backed-lending
UAT-NF_Finpro,https://uat-ng.nationwide.com/financial-professionals/products/corporate-solutions/sbl/smartcredit/pages/liquidate-or-borrow
UAT-NF_Finpro,https://uat-ng.nationwide.com/financial-professionals/products/retirement-solutions/401k-403b-plans/
UAT-NF_Finpro,https://uat-ng.nationwide.com/financial-professionals/topics/legacy-estate-wealth-transfer/building-trust-with-empathy/
UAT-NF_Finpro,https://uat-ng.nationwide.com/financial-professionals/topics/
UAT-NF_Finpro,https://uat-ng.nationwide.com/financial-professionals/blog/authors/kevin-jestice
UAT-NF_Finpro,https://uat-ng.nationwide.com/financial-professionals/products/life/whole/
UAT-NF_Finpro,https://uat-ng.nationwide.com/financial-professionals/blog/authors/doug-ewing
UAT-NF_Finpro,https://uat-ng.nationwide.com/financial-professionals/topics/legacy-estate-wealth-transfer/pages/health-care-costs-today-affect-wealth-transfer-tomorrow
UAT-NF_Finpro,https://uat-ng.nationwide.com/financial-professionals/topics/legacy-estate-wealth-transfer/pages/charitable-gifting
UAT-NF_Finpro,https://uat-ng.nationwide.com/financial-professionals/topics/insights-and-solutions/
UAT-NF_Finpro,https://uat-ng.nationwide.com/financial-professionals/products/corporate-solutions/employee-benefits/
UAT-NF_Finpro,https://uat-ng.nationwide.com/financial-professionals/resources/continuing-education/
UAT-NF_Finpro,https://uat-ng.nationwide.com/financial-professionals/products/annuities/variable/
UAT-NF_Finpro,https://uat-ng.nationwide.com/financial-professionals/products/retirement-solutions/government-457-plans/
UAT-NF_Finpro,https://uat-ng.nationwide.com/financial-professionals/products/corporate-solutions/
UAT-NF_Finpro,https://uat-ng.nationwide.com/financial-professionals/topics/legacy-estate-wealth-transfer/pages/legacy-planning
UAT-NF_Finpro,https://uat-ng.nationwide.com/financial-professionals/topics/health-care-cost-longevity/pages/caregiver-crisis-in-america
UAT-NF_Finpro,https://uat-ng.nationwide.com/financial-professionals/topics/health-care-cost-longevity/long-term-care-planning-longevity/pages/hsa-versatile-financial-solution
UAT-NF_Finpro,https://uat-ng.nationwide.com/financial-professionals/blog/planning-guidance/articles/get-ahead-of-the-game-by-proactively-suggesting-an-sbloc
UAT-NF_Finpro,https://uat-ng.nationwide.com/financial-professionals/blog/markets-economy/articles/get-back-in-balance-after-the-growth-stock-rally
UAT-NF_Finpro,https://uat-ng.nationwide.com/financial-professionals/topics/health-care-cost-longevity/medicare-planning/
UAT-NF_Finpro,https://uat-ng.nationwide.com/financial-professionals/blog/markets-economy/articles/what-will-it-take-for-the-recent-stock-rotation-to-endure
UAT-NF_Finpro,https://uat-ng.nationwide.com/financial-professionals/topics/legacy-estate-wealth-transfer/pages/trusted-partner
UAT-NF_Finpro,https://uat-ng.nationwide.com/financial-professionals/products/investments/campaigns/nationwide-amundi-strategic-income-fund/pages/insurance-linked-securities
UAT-NF_Finpro,https://uat-ng.nationwide.com/financial-professionals/products/investments/multilevel-investment-analysis/
UAT-NF_Finpro,https://uat-ng.nationwide.com/financial-professionals/blog/authors/chuck-rolph
UAT-NF_Finpro,https://uat-ng.nationwide.com/financial-professionals/topics/health-care-cost-longevity/long-term-care-planning-longevity/ltc-unscripted-stories/pages/thomas-lorene-caregiving
UAT-NF_Finpro,https://uat-ng.nationwide.com/financial-professionals/products/corporate-solutions/sbl/smartcredit/pages/clients-with-a-tax-liability-may-benefit
UAT-NF_Finpro,https://uat-ng.nationwide.com/financial-professionals/topics/retirement-savings-income/tax-efficient-retirement-income/pages/10-tips-to-help-build-tax-efficient-retirement-income-plans
UAT-NF_Finpro,https://uat-ng.nationwide.com/financial-professionals/topics/legacy-estate-wealth-transfer/estate-planning-wealth-transfer/
UAT-NF_Finpro,https://uat-ng.nationwide.com/financial-professionals/blog/practice-management/articles/unconscious-bias-acknowledging-owning-and-overcoming
UAT-NF_Finpro,https://uat-ng.nationwide.com/financial-professionals/topics/health-care-cost-longevity/pages/long-term-care
UAT-NF_Finpro,https://uat-ng.nationwide.com/financial-professionals/blog/planning-guidance/
UAT-NF_Finpro,https://uat-ng.nationwide.com/financial-professionals/blog/authors/holly-snyder
UAT-NF_Finpro,https://uat-ng.nationwide.com/financial-professionals/topics/legacy-estate-wealth-transfer/
UAT-NF_Finpro,https://uat-ng.nationwide.com/financial-professionals/products/
UAT-NF_Finpro,https://uat-ng.nationwide.com/financial-professionals/resources/
UAT-NF_Finpro,https://uat-ng.nationwide.com/financial-professionals/topics/retirement-savings-income/total-retirement-income-planning/
UAT-NF_Finpro,https://uat-ng.nationwide.com/financial-professionals/blog/authors/paula-cole
UAT-NF_Finpro,https://uat-ng.nationwide.com/financial-professionals/blog/authors/kathy-bostjancic
UAT-NF_Finpro,https://uat-ng.nationwide.com/financial-professionals/products/retirement-solutions/in-plan-guarantees/
UAT-NF_Finpro,https://uat-ng.nationwide.com/financial-professionals/blog/planning-guidance/articles/a-case-for-variable-annuities-with-guaranteed-lifetime-withdrawal-benefits
UAT-NF_Finpro,https://uat-ng.nationwide.com/financial-professionals/products/life/variable/
UAT-NF_Finpro,https://uat-ng.nationwide.com/financial-professionals/products/life/term/
UAT-NF_Finpro,https://uat-ng.nationwide.com/financial-professionals/get-appointed/
UAT-NF_Finpro,https://uat-ng.nationwide.com/financial-professionals/topics/retirement-savings-income/total-retirement-income-planning/pages/prepare-for-early-retirement
UAT-NF_Finpro,https://uat-ng.nationwide.com/financial-professionals/products/investments/campaigns/nationwide-amundi-strategic-income-fund/pages/flexible-alternative-to-long-only-fixed-income-securities
UAT-NF_Finpro,https://uat-ng.nationwide.com/financial-professionals/topics/legacy-estate-wealth-transfer/aging-in-retirement/
UAT-NF_Finpro,https://uat-ng.nationwide.com/financial-professionals/contact-us/
UAT-NF_Finpro,https://uat-ng.nationwide.com/financial-professionals/blog/markets-economy/
UAT-NF_Finpro,https://uat-ng.nationwide.com/financial-professionals/products/retirement-solutions/business-builder/options/TPA-business-builder
UAT-NF_Finpro,https://uat-ng.nationwide.com/financial-professionals/products/corporate-solutions/sbl/smartcredit/pages/liquidity-for-large-purchase
UAT-NF_Finpro,https://uat-ng.nationwide.com/financial-professionals/products/life/universal/
UAT-NF_Finpro,https://uat-ng.nationwide.com/financial-professionals/blog/authors/craig-hawley
UAT-NF_Finpro,https://uat-ng.nationwide.com/financial-professionals/topics/health-care-cost-longevity/long-term-care-planning-longevity/pages/myths-and-realities
UAT-NF_Finpro,https://uat-ng.nationwide.com/financial-professionals/blog/authors/rona-guymon
UAT-NF_Finpro,https://uat-ng.nationwide.com/financial-professionals/blog/authors/gail-brannock
UAT-NF_Finpro,https://uat-ng.nationwide.com/financial-professionals/blog/authors/ann-bair
UAT-NF_Finpro,https://uat-ng.nationwide.com/financial-professionals/products/investments/mutual-funds/distributions/
UAT-NF_Finpro,https://uat-ng.nationwide.com/financial-professionals/topics/health-care-cost-longevity/health-care-cost-planning/
UAT-NF_Finpro,https://uat-ng.nationwide.com/financial-professionals/products/annuities/fixed-indexed/
UAT-NF_Finpro,https://uat-ng.nationwide.com/financial-professionals/blog/authors/cindy-hoes
UAT-NF_Finpro,https://uat-ng.nationwide.com/financial-professionals/blog/authors/tina-ambrozy
UAT-NF_Finpro,https://uat-ng.nationwide.com/financial-professionals/blog/authors/amelia-dunlap
UAT-NF_Finpro,https://uat-ng.nationwide.com/financial-professionals/topics/health-care-cost-longevity/pages/misconceptions-of-long-term-care-insurance
UAT-NF_Finpro,https://uat-ng.nationwide.com/financial-professionals/blog/research-learning/articles/passing-along-financial-wisdom-across-generations-of-black-investors
UAT-NF_Finpro,https://uat-ng.nationwide.com/financial-professionals/topics/retirement-savings-income/tax-efficient-retirement-income/
UAT-NF_Finpro,https://uat-ng.nationwide.com/financial-professionals/topics/legacy-estate-wealth-transfer/pages/a-strategy-for-efficiently-passing-along-ira-assets
UAT-NF_Finpro,https://uat-ng.nationwide.com/financial-professionals/products/investments/about-us/contact-us/
UAT-NF_Finpro,https://uat-ng.nationwide.com/financial-professionals/topics/health-care-cost-longevity/long-term-care-planning-longevity/ltc-unscripted-stories/pages/lisa-caregiving
UAT-NF_Finpro,https://uat-ng.nationwide.com/financial-professionals/blog/authors/jessica-dowdy
UAT-NF_Finpro,https://uat-ng.nationwide.com/financial-professionals/topics/legacy-estate-wealth-transfer/pages/gift-tax-exemption
UAT-NF_Finpro,https://uat-ng.nationwide.com/financial-professionals/blog/practice-management/articles/creating-habits-to-achieve-your-goals
UAT-NF_Finpro,https://uat-ng.nationwide.com/financial-professionals/products/corporate-solutions/sbl/smartcredit/pages/3-options-for-flexible-financing
UAT-NF_Finpro,https://uat-ng.nationwide.com/financial-professionals/blog/authors/george-schein
UAT-NF_Finpro,https://uat-ng.nationwide.com/financial-professionals/blog/authors/ben-ayers
UAT-NF_Finpro,https://uat-ng.nationwide.com/financial-professionals/topics/health-care-cost-longevity/pages/early-retirees-and-health-care
UAT-NF_Finpro,https://uat-ng.nationwide.com/financial-professionals/topics/legacy-estate-wealth-transfer/pages/funding-a-trust
UAT-NF_Finpro,https://uat-ng.nationwide.com/financial-professionals/products/corporate-solutions/sbl/smartcredit/pages/sbl-myths-versus-fact
UAT-NF_Finpro,https://uat-ng.nationwide.com/financial-professionals/topics/retirement-savings-income/total-retirement-income-planning/pages/key-decisions-in-retirement-income
UAT-NF_Finpro,https://uat-ng.nationwide.com/financial-professionals/topics/legacy-estate-wealth-transfer/pages/using-a-trust-as-part-of-your-estate-planning-strategy
UAT-NF_Finpro,https://uat-ng.nationwide.com/financial-professionals/products/annuities/
UAT-NF_Finpro,https://uat-ng.nationwide.com/financial-professionals/topics/retirement-savings-income/social-security-optimization/pages/minimizing-taxes-on-social-security-benefits
UAT-NF_Finpro,https://uat-ng.nationwide.com/financial-professionals/topics/planning-team/
UAT-NF_Finpro,https://uat-ng.nationwide.com/financial-professionals/products/investments/forms/
UAT-NF_Finpro,https://uat-ng.nationwide.com/financial-professionals/topics/health-care-cost-longevity/pages/costs-today-affect-wealth
UAT-NF_Finpro,https://uat-ng.nationwide.com/financial-professionals/topics/health-care-cost-longevity/long-term-care-planning-longevity/ltc-unscripted-stories/pages/cheryl-caregiving
UAT-NF_Finpro,https://uat-ng.nationwide.com/financial-professionals/blog/practice-management/
UAT-NF_Finpro,https://uat-ng.nationwide.com/financial-professionals/blog/authors/debra-griffin
UAT-NF_Finpro,https://uat-ng.nationwide.com/financial-professionals/products/corporate-solutions/business-life/pages/asset-allocation
UAT-NF_Finpro,https://uat-ng.nationwide.com/financial-professionals/topics/legacy-estate-wealth-transfer/pages/deepening-client-relationships
UAT-NF_Finpro,https://uat-ng.nationwide.com/financial-professionals/blog/planning-guidance/articles/buying-ltc-insurance-can-be-similar-to-buying-a-car
UAT-NF_Finpro,https://uat-ng.nationwide.com/financial-professionals/blog/planning-guidance/articles/how-to-help-clients-maximize-medicare-and-social-security-benefits
UAT-NF_Finpro,https://uat-ng.nationwide.com/financial-professionals/products/life/
UAT-NF_Finpro,https://uat-ng.nationwide.com/financial-professionals/blog/research-learning/articles/extraordinary-conversation-addressing-the-long-term-care-challenge
UAT-NF_Finpro,https://uat-ng.nationwide.com/financial-professionals/products/corporate-solutions/business-life/pages/informally-funding-deferred-compensation-plans
UAT-NF_Finpro,https://uat-ng.nationwide.com/financial-professionals/products/investments/mutual-funds/
UAT-NF_Finpro,https://uat-ng.nationwide.com/financial-professionals/topics/health-care-cost-longevity/health-care-cost-planning/pages/hsa-retirement-planning
UAT-NF_Finpro,https://uat-ng.nationwide.com/financial-professionals/resources/compliance/
UAT-NF_Finpro,https://uat-ng.nationwide.com/financial-professionals/products/corporate-solutions/sbl/smartcredit/pages/a-less-taxing-way-to-gift-assets
UAT-NF_Finpro,https://uat-ng.nationwide.com/financial-professionals/products/corporate-solutions/sbl/smartcredit/
UAT-NF_Finpro,https://uat-ng.nationwide.com/financial-professionals/products/annuities/registered-index-linked/
UAT-NF_Finpro,https://uat-ng.nationwide.com/financial-professionals/products/annuities/fixed/
UAT-NF_Finpro,https://uat-ng.nationwide.com/financial-professionals/resources/forms/
UAT-NF_Finpro,https://uat-ng.nationwide.com/financial-professionals/topics/legacy-estate-wealth-transfer/pages/eliciting-thoughtful-honest-answers-from-clients
UAT-NF_Finpro,https://uat-ng.nationwide.com/financial-professionals/topics/market-insights/
UAT-NF_Finpro,https://uat-ng.nationwide.com/financial-professionals/resources/tools/
UAT-NF_Finpro,https://uat-ng.nationwide.com/financial-professionals/blog/research-learning/articles/talking-about-lifetime-financial-security-at-the-milken-conference
UAT-NF_Finpro,https://uat-ng.nationwide.com/financial-professionals/blog/planning-guidance/articles/navigating-regulatory-changes-the-impact-on-coli-and-boli
UAT-NF_Finpro,https://uat-ng.nationwide.com/financial-professionals/topics/health-care-cost-longevity/pages/six-ways-to-have-better-ltc-conversations
UAT-NF_Finpro,https://uat-ng.nationwide.com/financial-professionals/blog/authors/shawn-britt
UAT-NF_Finpro,https://uat-ng.nationwide.com/financial-professionals/topics/advanced-consulting-group/
UAT-NF_Finpro,https://uat-ng.nationwide.com/financial-professionals/products/investments/institutional-investors/webinars/
UAT-NF_Finpro,https://uat-ng.nationwide.com/financial-professionals/blog/authors/eric-stevenson
UAT-NF_Finpro,https://uat-ng.nationwide.com/financial-professionals/blog/research-learning/
UAT-NF_Finpro,https://uat-ng.nationwide.com/financial-professionals/products/investments/campaigns/nationwide-amundi-strategic-income-fund/
UAT-NF_Finpro,https://uat-ng.nationwide.com/personal/investing/find-financial-professional/life-insurance-licenses/
UAT-NF_Finpro,https://uat-ng.nationwide.com/financial-professionals/topics/retirement-savings-income/total-retirement-income-planning/pages/retirement-satisfaction
UAT-NF_Finpro,https://uat-ng.nationwide.com/financial-professionals/topics/legacy-estate-wealth-transfer/pages/live-well-love-well
UAT-NF_Finpro,https://uat-ng.nationwide.com/financial-professionals/products/corporate-solutions/sbl/
UAT-NF_Finpro,https://uat-ng.nationwide.com/financial-professionals/topics/legacy-estate-wealth-transfer/pages/funding-a-trust-with-nqda
UAT-NF_Finpro,https://uat-ng.nationwide.com/financial-professionals/products/investments/campaigns/nationwide-amundi-strategic-income-fund/pages/identifying-asset-classes-for-income-and-risk-management
UAT-NF_Finpro,https://uat-ng.nationwide.com/financial-professionals/blog/planning-guidance/articles/the-13-6m-tax-exemption-use-it-before-your-clients-lose-it
UAT-NF_Finpro,https://uat-ng.nationwide.com/financial-professionals/products/investments/institutional-investors/
UAT-NF_Finpro,https://uat-ng.nationwide.com/financial-professionals/topics/retirement-savings-income/social-security-optimization/
UAT-NF_Finpro,https://uat-ng.nationwide.com/financial-professionals/products/corporate-solutions/business-life/
UAT-NF_Finpro,https://uat-ng.nationwide.com/financial-professionals/products/retirement-solutions/
UAT-NF_Finpro,https://uat-ng.nationwide.com/financial-professionals/blog/planning-guidance/articles/help-clients-unlock-cash-with-their-non-retirement-portfolio
UAT-NF_Finpro,https://uat-ng.nationwide.com/financial-professionals/topics/health-care-cost-longevity/long-term-care-planning-longevity/
UAT-NF_Finpro,https://uat-ng.nationwide.com/financial-professionals/topics/health-care-cost-longevity/
UAT-NF_Finpro,https://uat-ng.nationwide.com/financial-professionals/products/investments/campaigns/nationwide-amundi-strategic-income-fund/pages/performance-comes-down-to-numbers
UAT-NF_Finpro,https://uat-ng.nationwide.com/financial-professionals/products/investments/
UAT-NF_Finpro,https://uat-ng.nationwide.com/financial-professionals/topics/retirement-savings-income/total-retirement-income-planning/pages/informed-decisions
UAT-NF_Finpro,https://uat-ng.nationwide.com/financial-professionals/topics/retirement-savings-income/
UAT-NF_Finpro,https://uat-ng.nationwide.com/financial-professionals/topics/health-care-cost-longevity/medicare-planning/pages/medicare-questions
UAT-NF_Finpro,https://uat-ng.nationwide.com/financial-professionals/products/investments/about-us/
UAT-NF_Finpro,https://uat-ng.nationwide.com/financial-professionals/topics/consultative-support/
UAT-NF_Finpro,https://uat-ng.nationwide.com/personal/investing/social-selling-for-financial-professionals/
UAT-NF_Finpro,https://uat-ng.nationwide.com/financial-professionals/blog/planning-guidance/articles/the-fair-tax-act-explained
UAT-NF_Finpro,https://uat-ng.nationwide.com/financial-professionals/products/retirement-solutions/in-plan-guarantees/options/
UAT-NF_Finpro,https://uat-ng.nationwide.com/financial-professionals/about-nationwide/
UAT-NF_Finpro,https://uat-ng.nationwide.com/financial-professionals/resources/compliance/pages/anti-money-laundering
UAT-NF_Finpro,https://uat-ng.nationwide.com/financial-professionals/topics/health-care-cost-longevity/long-term-care-planning-longevity/ltc-unscripted-stories/
UAT-NF_Finpro,https://uat-ng.nationwide.com/financial-professionals/blog/authors/jj-perez
UAT-NF_Finpro,https://uat-ng.nationwide.com/financial-professionals/topics/legacy-estate-wealth-transfer/pages/ensure-tax-efficient-transfer
UAT-NF_Finpro,https://uat-ng.nationwide.com/financial-professionals/topics/retirement-savings-income/10-social-security-insights/
UAT-NF_Finpro,https://uat-ng.nationwide.com/financial-professionals/products/retirement-solutions/business-builder/
UAT-NF_Finpro,https://uat-ng.nationwide.com/financial-professionals/products/corporate-solutions/medical-stop-loss/pages/help-business-owners-sleep
UAT-NF_Finpro,https://uat-ng.nationwide.com/financial-professionals/products/annuities/fixed-immediate/
UAT-NF_Finpro,https://uat-ng.nationwide.com/financial-professionals/topics/retirement-savings-income/total-retirement-income-planning/pages/income-strategies
UAT-NF_Finpro,https://uat-ng.nationwide.com/financial-professionals/products/life/long-term-care/
UAT-NF_Finpro,https://uat-ng.nationwide.com/financial-professionals/topics/business-growth-protection-transfer/
UAT-NF_Finpro,https://uat-ng.nationwide.com/personal/investing/mutual-funds/pricing-and-performance/
UAT-NF_Finpro,https://uat-ng.nationwide.com/personal/investing/mutual-funds/pricing-and-performance/
UAT-NF_Finpro,https://uat-ng.nationwide.com/personal/investing/mutual-funds/fund-list/
